"player_name","position"
"Avery Bradley","SG"
"Jaylen Brown","SF"
"Jae Crowder","PF"
"Gerald Green","SF"
"Al Horford","C"
"R.J. Hunter","SG"
"Demetrius Jackson","PG"
"Jonas Jerebko","PF"
"Amir Johnson","C"
"Jalen Jones","PF"
"Damion Lee","SF"
"Jordan Mickey","C"
"Kelly Olynyk","C"
"Terry Rozier","SG"
"Marcus Smart","SG"
"Isaiah Thomas","PG"
"James Young","SG"
"Tyler Zeller","C"
"Anthony Bennett","PF"
"Bojan Bogdanovic","PF"
"Trevor Booker","PF"
"Randy Foye","SG"
"Jorge Gutierrez","PG"
"Joe Harris","SG"
"Rondae Hollis-Jefferson","C"
"Sean Kilpatrick","SG"
"Caris LeVert","SF"
"Jeremy Lin","PG"
"Brook Lopez","C"
"Chris McCullough","PF"
"Isaiah Whitehead","SG"
"Carmelo Anthony","PF"
"Ron Baker","SG"
"Willy Hernangomez","C"
"Justin Holiday","SF"
"Brandon Jennings","PG"
"Mindaugas Kuzminskas","SF"
"Courtney Lee","SF"
"Joakim Noah","C"
"Kyle O'Quinn","C"
"Marshall Plumlee","C"
"Kristaps Porzingis","C"
"Chasson Randle","PG"
"Derrick Rose","SG"
"Lance Thomas","PF"
"Jerryd Bayless","PG"
"Robert Covington","PF"
"Joel Embiid","C"
"Jerami Grant","C"
"Richaun Holmes","C"
"Shawn Long","PF"
"Timothe Luwawu-Cabarrot","SG"
"T.J. McConnell","PG"
"Nerlens Noel","C"
"Jahlil Okafor","C"
"Brandon Paul","SF"
"Dario Saric","PF"
"Ben Simmons","PG"
"Nik Stauskas","SG"
"James Webb III","SF"
"Bruno Caboclo","C"
"DeMarre Carroll","PF"
"DeMar DeRozan","SF"
"Cory Joseph","SG"
"Kyle Lowry","PG"
"Lucas Nogueira","C"
"Patrick Patterson","C"
"Jakob Poeltl","C"
"Norman Powell","SF"
"Terrence Ross","SF"
"Pascal Siakam","C"
"Jonas Valanciunas","C"
"Delon Wright","PG"
"Jimmy Butler","SF"
"Isaiah Canaan","PG"
"Spencer Dinwiddie","SG"
"Cristiano Felicio","C"
"Taj Gibson","C"
"Jerian Grant","PG"
"Vince Hunter","SF"
"Robin Lopez","C"
"Doug McDermott","PF"
"Nikola Mirotic","PF"
"Bobby Portis","C"
"Rajon Rondo","PG"
"Tony Snell","SF"
"Denzel Valentine","SF"
"Dwyane Wade","SG"
"Paul Zipser","SF"
"Markel Brown","SG"
"Kay Felder","PG"
"Channing Frye","PF"
"John Holland","SG"
"Jonathan Holmes","PF"
"Kyrie Irving","PG"
"LeBron James","PF"
"Richard Jefferson","SF"
"Dahntay Jones","SG"
"DeAndre Liggins","SG"
"Kevin Love","C"
"Jordan McRae","SG"
"Eric Moreland","C"
"Iman Shumpert","SF"
"Tristan Thompson","C"
"Aron Baynes","C"
"Lorenzo Brown","PG"
"Reggie Bullock","SF"
"Kentavious Caldwell-Pope","SF"
"Andre Drummond","C"
"Henry Ellenson","C"
"Michael Gbinije","SG"
"Tobias Harris","PF"
"Darrun Hilliard","SG"
"Reggie Jackson","PG"
"Stanley Johnson","PF"
"Jon Leuer","PF"
"Boban Marjanovic","C"
"Marcus Morris","PF"
"Ish Smith","PG"
"Lavoy Allen","PF"
"Aaron Brooks","PG"
"Monta Ellis","SG"
"Jeremy Evans","SF"
"Paul George","PF"
"Al Jefferson","C"
"C.J. Miles","SG"
"Georges Niang","PF"
"Alex Poythress","PF"
"Glenn Robinson III","SF"
"Julyan Stone","PG"
"Jeff Teague","PG"
"Myles Turner","C"
"Joe Young","PG"
"Thaddeus Young","PF"
"Giannis Antetokounmpo","PF"
"Michael Beasley","SF"
"Malcolm Brogdon","SG"
"Michael Carter-Williams","SG"
"Matthew Dellavedova","SG"
"John Henson","C"
"Thon Maker","C"
"Khris Middleton","SF"
"Greg Monroe","C"
"Jabari Parker","PF"
"Miles Plumlee","C"
"Mirza Teletovic","PF"
"Jason Terry","SG"
"Rashad Vaughn","SG"
"Kent Bazemore","SF"
"DeAndre Bembry","SF"
"Matt Costello","SF"
"Malcolm Delaney","PG"
"Tim Hardaway Jr.","SF"
"Dwight Howard","C"
"Kris Humphries","PF"
"Jarrett Jack","PG"
"Kyle Korver","SG"
"Paul Millsap","C"
"Mike Muscala","C"
"Taurean Prince","PF"
"Dennis Schroder","SG"
"Mike Scott","PF"
"Thabo Sefolosha","PF"
"Tiago Splitter","C"
"Walter Tavares","C"
"Nicolas Batum","SF"
"Marco Belinelli","SF"
"Treveon Graham","PF"
"Roy Hibbert","C"
"Frank Kaminsky III","C"
"Michael Kidd-Gilchrist","PF"
"Jeremy Lamb","SF"
"Ramon Sessions","PG"
"Kemba Walker","PG"
"Marvin Williams","PF"
"Christian Wood","C"
"Cody Zeller","C"
"Luke Babbitt","SF"
"Goran Dragic","PG"
"Wayne Ellington","SF"
"Udonis Haslem","C"
"James Johnson","PF"
"Tyler Johnson","SG"
"Rodney McGruder","SF"
"Josh McRoberts","PF"
"Willie Reed","C"
"Josh Richardson","SF"
"Beno Udrih","PG"
"Dion Waiters","SF"
"Briante Weber","PG"
"Okaro White","PF"
"Hassan Whiteside","C"
"Derrick Williams","PF"
"Justise Winslow","PF"
"Cliff Alexander","PF"
"D.J. Augustin","PG"
"Bismack Biyombo","C"
"Evan Fournier","SF"
"Aaron Gordon","PF"
"Jeff Green","PF"
"Mario Hezonja","PF"
"Serge Ibaka","C"
"Jodie Meeks","SG"
"Elfrid Payton","PG"
"Damjan Rudez","PF"
"Nikola Vucevic","C"
"C.J. Wilcox","SG"
"Stephen Zimmerman Jr.","C"
"Bradley Beal","SG"
"Trey Burke","SG"
"Jarell Eddie","SG"
"Marcin Gortat","C"
"Ian Mahinmi","C"
"Markieff Morris","C"
"Daniel Ochefu","C"
"Kelly Oubre Jr.","PF"
"Otto Porter Jr.","PF"
"Tomas Satoransky","SF"
"Jason Smith","PF"
"John Wall","PG"
"Darrell Arthur","PF"
"Will Barton","SF"
"Malik Beasley","SG"
"Wilson Chandler","PF"
"Kenneth Faried","PF"
"Danilo Gallinari","PF"
"Gary Harris","SG"
"Juancho Hernangomez","PF"
"Nikola Jokic","C"
"Emmanuel Mudiay","PG"
"Jamal Murray","SG"
"Jameer Nelson","PG"
"Jusuf Nurkic","C"
"JaKarr Sampson","PF"
"Jarnell Stokes","PF"
"Nate Wolters","PG"
"Cole Aldrich","C"
"Nemanja Bjelica","PF"
"Gorgui Dieng","C"
"Kris Dunn","SF"
"Tyus Jones","SG"
"Zach LaVine","SG"
"Shabazz Muhammad","SG"
"Adreian Payne","PF"
"Ricky Rubio","PG"
"Brandon Rush","SG"
"Karl-Anthony Towns","C"
"Andrew Wiggins","SF"
"Alex Abrines","SG"
"Steven Adams","C"
"Alex Caruso","SG"
"Semaj Christon","PG"
"Nick Collison","PF"
"Daniel Hamilton","SF"
"Josh Huestis","SG"
"Ersan Ilyasova","C"
"Enes Kanter","C"
"Joffrey Lauvergne","C"
"Anthony Morrow","SG"
"Victor Oladipo","PG"
"Cameron Payne","SG"
"Ronnie Price","PG"
"Andre Roberson","SF"
"Domantas Sabonis","C"
"Kyle Singler","SF"
"Russell Westbrook","PG"
"Al-Farouq Aminu","PF"
"Pat Connaughton","SF"
"Allen Crabbe","SF"
"Ed Davis","C"
"Maurice Harkless","PF"
"Jake Layman","PF"
"Meyers Leonard","C"
"Damian Lillard","PG"
"C.J. McCollum","SG"
"Luis Montero","SG"
"Shabazz Napier","SG"
"Mason Plumlee","C"
"Evan Turner","SF"
"Noah Vonleh","C"
"Joel Bolomboy","PF"
"Alec Burks","SG"
"Dante Exum","SG"
"Derrick Favors","C"
"Rudy Gobert","C"
"Gordon Hayward","PF"
"George Hill","PG"
"Rodney Hood","SG"
"Joe Ingles","PF"
"Chris Johnson","SG"
"Joe Johnson","SF"
"Trey Lyles","C"
"Shelvin Mack","PG"
"Raul Neto","PG"
"Marcus Paige","PG"
"Tyrone Wallace","PG"
"Jeff Withey","C"
"Ian Clark","SG"
"Stephen Curry","PG"
"Kevin Durant","SF"
"Draymond Green","C"
"Andre Iguodala","SG"
"Damian Jones","C"
"Shaun Livingston","PG"
"Kevon Looney","C"
"James Michael McAdoo","SF"
"Patrick McCaw","SF"
"JaVale McGee","C"
"Zaza Pachulia","C"
"Klay Thompson","SG"
"David West","PF"
"Alan Anderson","SG"
"Jamal Crawford","SF"
"Raymond Felton","PG"
"Blake Griffin","PF"
"Brice Johnson","PF"
"Wesley Johnson","SF"
"DeAndre Jordan","C"
"Luc Richard Mbah a Moute","PF"
"Xavier Munford","PG"
"Chris Paul","PG"
"JJ Redick","SF"
"Austin Rivers","SG"
"Marreese Speights","PF"
"Diamond Stone","C"
"Tarik Black","PF"
"Anthony Brown","SF"
"Jose Calderon","PG"
"Jordan Clarkson","SF"
"Luol Deng","SF"
"Brandon Ingram","PF"
"Timofey Mozgov","C"
"Larry Nance Jr.","C"
"Julius Randle","C"
"Thomas Robinson","PF"
"D'Angelo Russell","PG"
"Travis Wear","PF"
"Louis Williams","SG"
"Nick Young","SG"
"Ivica Zubac","C"
"Dragan Bender","C"
"Eric Bledsoe","PG"
"Devin Booker","SG"
"Tyson Chandler","C"
"Marquese Chriss","C"
"Jared Dudley","PF"
"Archie Goodwin","SG"
"Shaquille Harrison","SF"
"John Jenkins","SG"
"Derrick Jones","PF"
"Brandon Knight","SG"
"Alex Len","C"
"P.J. Tucker","C"
"Tyler Ulis","PG"
"T.J. Warren","PF"
"Alan Williams","PF"
"Arron Afflalo","SG"
"Matt Barnes","SF"
"Omri Casspi","SF"
"Willie Cauley-Stein","C"
"Darren Collison","PG"
"DeMarcus Cousins","C"
"Rudy Gay","PF"
"Kosta Koufos","C"
"Skal Labissiere","C"
"Ty Lawson","PG"
"Ben McLemore","SF"
"Georgios Papagiannis","C"
"Malachi Richardson","SG"
"Garrett Temple","SF"
"Anthony Tolliver","C"
"Quincy Acy","SF"
"Justin Anderson","PF"
"J.J. Barea","SG"
"Harrison Barnes","PF"
"Andrew Bogut","C"
"Nicolas Brussino","SF"
"Kyle Collinsworth","SG"
"Seth Curry","SG"
"Dorian Finney-Smith","PF"
"Jonathan Gibson","SG"
"A.J. Hammons","C"
"Devin Harris","PG"
"Wesley Matthews","SF"
"Salah Mejri","C"
"Dirk Nowitzki","PF"
"Dwight Powell","C"
"C.J. Williams","SG"
"Deron Williams","PG"
"Ryan Anderson","C"
"Trevor Ariza","PF"
"Patrick Beverley","PG"
"Corey Brewer","SG"
"Clint Capela","C"
"Sam Dekker","SF"
"Tyler Ennis","PG"
"Eric Gordon","SF"
"James Harden","SG"
"Montrezl Harrell","C"
"Nene Hilario","C"
"K.J. McDaniels","SG"
"Donatas Motiejunas","PF"
"Chinanu Onuaku","PF"
"Gary Payton","PG"
"Josh Smith","PF"
"Isaiah Taylor","PG"
"Tony Allen","SG"
"Wade Baldwin","PG"
"Vince Carter","PF"
"Mike Conley","PG"
"Troy Daniels","SG"
"Deyonta Davis","PG"
"James Ennis","PF"
"Marc Gasol","C"
"JaMychal Green","PF"
"Andrew Harrison","PG"
"Jarell Martin","PF"
"Chandler Parsons","PF"
"Zach Randolph","PF"
"Wayne Selden","SG"
"D.J. Stephens","SG"
"Troy Williams","SF"
"Brandan Wright","C"
"Alexis Ajinca","C"
"Omer Asik","C"
"Dante Cunningham","SF"
"Anthony Davis","C"
"Cheick Diallo","C"
"Tyreke Evans","SG"
"Tim Frazier","PG"
"Langston Galloway","SG"
"Buddy Hield","SF"
"Solomon Hill","PF"
"Jrue Holiday","SG"
"E'Twaun Moore","SF"
"Quincy Pondexter","SF"
"Lance Stephenson","SG"
"LaMarcus Aldridge","C"
"Kyle Anderson","PF"
"Joel Anthony","C"
"Ryan Arcidiacono","SG"
"Davis Bertans","PF"
"Dewayne Dedmon","C"
"Bryn Forbes","SG"
"Pau Gasol","C"
"Manu Ginobili","SG"
"Danny Green","SF"
"David Lee","PF"
"Kawhi Leonard","PF"
"Patty Mills","SG"
"Dejounte Murray","PG"
"Tony Parker","PG"
"Jonathon Simmons","SF"
"Marcus Georges-Hunt","SG"
"Yogi Ferrell","SG"
"Jarrod Uthoff","SF"
"Fred VanVleet","SG"
"J.R. Smith","SG"
"Josh Magette","PG"
"Danuel House","SF"
"Sheldon McClellan","SG"
"Johnny O'Bryant","C"
"Tim Quarterman","PG"
"Bobby Brown","PG"
"Kyle Wiltjer","PF"
"Quinn Cook","PG"
"Kadeem Allen","SG"
"Jabari Bird","SG"
"Shane Larkin","PG"
"Abdel Nader","SF"
"Semi Ojeleye","PF"
"L.J. Peak","SG"
"Jayson Tatum","PF"
"Daniel Theis","C"
"Andrew White III","SF"
"Guerschon Yabusele","PF"
"Jarrett Allen","C"
"Yakuba Ouattara","SG"
"Jacob Wiley","SF"
"Jamel Artis","SG"
"Damyean Dotson","SF"
"Nigel Hayes","SF"
"Ognjen Jaramaz","PG"
"Luke Kornet","C"
"Frank Ntilikina","PG"
"Xavier Rathan-Mayes","SG"
"James Blackmon Jr.","SG"
"Markelle Fultz","SG"
"Furkan Korkmaz","SG"
"Jacob Pullen","PG"
"OG Anunoby","PF"
"Kennedy Meeks","C"
"Malcolm Miller","SF"
"Antonio Blakeney","SG"
"Jaylen Johnson","SG"
"Lauri Markkanen","C"
"David Nwaba","SF"
"Cedi Osman","PF"
"Ante Zizic","C"
"Dwight Buycks","PG"
"Luke Kennard","SF"
"Ike Anigbogu","C"
"DeQuan Jones","SF"
"T.J. Leaf","C"
"Ben Moore","PF"
"Edmond Sumner","SF"
"Damien Wilkins","SG"
"Sterling Brown","SF"
"Kendall Marshall","PG"
"D.J. Wilson","C"
"Tyler Cavanaugh","PF"
"John Collins","C"
"Tyler Dorsey","SG"
"Jordan Mathews","SG"
"Dwayne Bacon","SF"
"Terry Henderson","SG"
"Isaiah Hicks","PF"
"Mangok Mathiang","C"
"Malik Monk","SG"
"Luke Petrasek","SF"
"T.J. Williams","PG"
"Bam Adebayo","C"
"Larry Drew II","PG"
"Erik McCree","SF"
"Derrick Walton Jr.","PG"
"Matt Williams","SG"
"Khem Birch","C"
"Troy Caupain","PG"
"Jonathan Isaac","PF"
"Wesley Iwundu","SF"
"Kalin Lucas","PG"
"Carrick Felix","SF"
"Devin Robinson","SF"
"Donald Sloan","PG"
"Michael Young","SF"
"Josh Childress","SF"
"Torrey Craig","SF"
"Tyler Lydon","PF"
"Monte Morris","PG"
"Amile Jefferson","C"
"Justin Patton","C"
"Melo Trimble","PG"
"Norris Cole","PG"
"Terrance Ferguson","SF"
"Dakari Johnson","C"
"Isaiah Briscoe","PG"
"Zach Collins","C"
"Caleb Swanigan","C"
"Tony Bradley","C"
"Eric Griffin","C"
"Donovan Mitchell","SG"
"Nazareth Mitrou-Long","PG"
"Royce O'Neale","SF"
"Ekpe Udoh","C"
"Jordan Bell","C"
"Chris Boucher","C"
"Antonius Cleveland","SG"
"Alex Hamilton","SG"
"Jawun Evans","PG"
"LaDontae Henton","SF"
"Milos Teodosic","PG"
"Sindarius Thornwell","SF"
"Jamil Wilson","SF"
"Lonzo Ball","PG"
"V.J. Beachem","SF"
"Vander Blue","SG"
"Thomas Bryant","C"
"Josh Hart","SF"
"Kyle Kuzma","C"
"Josh Jackson","SF"
"Mike James","PG"
"Peter Jok","SF"
"Elijah Millsap","SF"
"Alec Peters","PF"
"Davon Reed","SG"
"Bogdan Bogdanovic","SF"
"Jack Cooley","C"
"De'Aaron Fox","PG"
"Harry Giles","C"
"Justin Jackson","PF"
"Matt Jones","SG"
"Frank Mason","PG"
"Brandon Ashley","PF"
"Gian Clavell","SG"
"PJ Dozier","PG"
"Maximilian Kleber","C"
"Johnathan Motley","C"
"Dennis Smith Jr.","PG"
"Maalik Wayns","PG"
"Isaiah Hartenstein","PF"
"Cameron Oliver","PF"
"Zhou Qi","PF"
"Dillon Brooks","SF"
"Mario Chalmers","PG"
"Ivan Rabb","C"
"Kobi Simmons","PG"
"Rade Zagorac","SF"
"Charles Cooke","SG"
"Jordan Crawford","SG"
"Frank Jackson","PG"
"Perry Jones","SF"
"Darius Miller","SF"
"Jaron Blossomgame","SF"
"London Perrantes","PG"
"Derrick White","PG"
"Milton Doyle","SG"
"Akil Mitchell","SG"
"Jeremy Senglin","G"
"Emeka Okafor","C"
"Alfonzo McKinnie","PF"
"Bronson Koenig","PG"
"Kendrick Perkins","C"
"Landry Nnoko","C"
"Derek Willis","F"
"Trey McKinney-Jones","SG"
"Bryce Alford","SG"
"Rashawn Thomas","PF"
"Marcus Williams","PG"
"George de Paula","PG"
"Durand Scott","SG"
"Amida Brimah","C"
"Reggie Hearn","SG"
"Myke Henry","SF"
"Walt Lemon Jr.","PG"
"Brad Wanamaker","SG"
"Robert Williams","C"
"Mitchell Creek","SF"
"Rodions Kurucs","PF"
"Jordan McLaughlin","PG"
"Dzanan Musa","PF"
"Kevin Knox","PF"
"Mitchell Robinson","C"
"Shake Milton","SG"
"Norvel Pelle","C"
"Landry Shamet","SG"
"Zhaire Smith","SG"
"Jordan Loyd","PG"
"Rawle Alkins","SG"
"Wendell Carter Jr.","C"
"Chandler Hutchison","PF"
"Collin Sexton","SG"
"JaCorey Williams","F"
"Bruce Brown","SF"
"Keenan Evans","PG"
"Zach Lofton","G"
"Khyri Thomas","SG"
"Aaron Holiday","SG"
"Alize Johnson","PF"
"Jordan Barnett","F"
"Donte DiVincenzo","SF"
"Trevon Duval","PG"
"Brandon McCoy","C"
"Jaylen Morris","SG"
"Jaylen Adams","PG"
"Kevin Huerter","SG"
"Omari Spellman","C"
"Trae Young","PG"
"Miles Bridges","PF"
"Devonte' Graham","PG"
"Arnoldas Kulboka","SF"
"J.P. Macura","SG"
"Isaiah Wilkins","F"
"Marcus Lee","F"
"Yante Maten","PF"
"Malik Newman","SG"
"Mohamed Bamba","C"
"Melvin Frazier Jr.","SG"
"Justin Jackson","SF"
"Jarred Vanderbilt","SF"
"Troy Brown Jr.","SF"
"Tiwian Kendley","G"
"Issuf Sanon","SG"
"DeVaughn Akoon-Purcell","SG"
"Michael Porter Jr.","PF"
"Thomas Welsh","C"
"Keita Bates-Diop","PF"
"James Nunnally","SF"
"Josh Okogie","SF"
"Deonte Burton","SF"
"Tyler Davis","C"
"Hamidou Diallo","SF"
"Devon Hall","SG"
"Kevin Hervey","PF"
"Anfernee Simons","SG"
"Gary Trent Jr.","SG"
"Grayson Allen","SG"
"Isaac Haas","C"
"Jairus Lyles","G"
"Marcus Derrickson","SF"
"Jacob Evans","SF"
"Shai Gilgeous-Alexander","SG"
"Jerome Robinson","SG"
"Joel Berry II","PG"
"Isaac Bonga","SF"
"Jeffrey Carroll","G"
"Andre Ingram","SG"
"Sviatoslav Mykhailiuk","SF"
"Moritz Wagner","C"
"Johnathan Williams","PF"
"Deandre Ayton","C"
"Mikal Bridges","SF"
"George King","SF"
"De'Anthony Melton","SG"
"Elie Okobo","PG"
"Marvin Bagley III","C"
"Kostas Antetokounmpo","PF"
"Ryan Broekhoff","SF"
"Jalen Brunson","SG"
"Luka Doncic","SF"
"Scotty Hopson","SG"
"Daryl Macon","PG"
"Codi Miller-McIntyre","G"
"Ray Spalding","PF"
"Ding Yanyuhang","F"
"Vincent Edwards","SF"
"Rob Gray","G"
"Aaron Jackson","SF"
"MarShon Brooks","SG"
"Jevon Carter","SG"
"Markel Crawford","G"
"Tyler Harvey","G"
"Jaren Jackson Jr.","C"
"Doral Moore","C"
"Yuta Watanabe","SF"
"Trevon Bluiett","SG"
"Tony Carr","PG"
"Garlon Green","F"
"Darius Morris","PG"
"Chimezie Metu","C"
"Lonnie Walker IV","SF"
"Theo Pinson","SG"
"Allonzo Trier","SG"
"Jonah Bolden","C"
"Billy Preston","SF"
"Joe Chealey","PG"
"Duncan Robinson","SF"
"Jared Terrell","PG"
"Angel Delgado","C"
"Moritz Wagner","C"
"Wenyen Gabriel","PF"
"Gary Clark","C"
"Drew Eubanks","C"
"Haywood Highsmith","F"
"Brandon Sampson","SG"
"Deng Adel","SF"
"Stephan Hicks","G"
"Bonzie Colson","PF"
"Brandon Goodwin","PG"
"Donte Grantham","SF"
"Julian Washburn","SF"
"Kenrich Williams","PF"
"Carsen Edwards","PG"
"Tacko Fall","C"
"Javonte Green","SG"
"Romeo Langford","SG"
"Vincent Poirier","C"
"Max Strus","SG"
"Tremont Waters","PG"
"Grant Williams","PF"
"Nicolas Claxton","C"
"Jaylen Hands","PG"
"RJ Barrett","SF"
"Ignas Brazdeikis","SF"
"Isaiah Miles","F"
"Marial Shayok","SG"
"Matisse Thybulle","SF"
"Terence Davis","SG"
"Dewan Hernandez","C"
"Matt Thomas","SG"
"Daniel Gafford","C"
"Adam Mokoka","SG"
"Justin Simon","G"
"Coby White","SG"
"Marques Bolden","C"
"Darius Garland","PG"
"Kevin Porter Jr.","SF"
"Dean Wade","PF"
"Dylan Windler","SF"
"Jordan Bone","PG"
"Sekou Doumbouya","PF"
"Deividas Sirvydis","SG"
"Goga Bitadze","C"
"Brian Bowen II","SG"
"JaKeenan Gant","PF"
"Thanasis Antetokounmpo","PF"
"Cameron Reynolds","SG"
"Rayjon Tucker","F"
"Armoni Brooks","G"
"Charlie Brown Jr.","SG"
"Bruno Fernando","C"
"Isaac Humphries","PF"
"De'Andre Hunter","PF"
"Cam Reddish","SF"
"Robert Franks","PF"
"Ahmed Hill","G"
"Cody Martin","SG"
"Jalen McDaniels","PF"
"PJ Washington","C"
"Kyle Alexander","C"
"Tyler Herro","SG"
"Jeremiah Martin","SG"
"Kendrick Nunn","SG"
"KZ Okpala","PF"
"Chris Silva","C"
"DaQuan Jeffries","F"
"Vic Law","F"
"Chuma Okeke","C"
"Rui Hachimura","C"
"Jemerrio Jones","SG"
"Garrison Mathews","SF"
"Admiral Schofield","PF"
"Bol Bol","C"
"Vlatko Cancar","SF"
"Tyler Cook","PF"
"Jarrett Culver","SF"
"Jaylen Nowell","PG"
"Darius Bazley","PF"
"Luguentz Dort","SG"
"Jaylen Hoard","PF"
"Nassir Little","PF"
"Jarrell Brantley","PF"
"William Howard","SG"
"Stanton Kidd","PF"
"Juwan Morgan","F"
"Miye Oni","SG"
"Justin Wright-Foreman","SG"
"Eric Paschall","PF"
"Jordan Poole","SF"
"Alen Smailagic","C"
"Mfiondu Kabengele","C"
"Terance Mann","SF"
"Devontae Cacok","PF"
"Talen Horton-Tucker","SG"
"Zach Norvell Jr.","SG"
"Ty Jerome","SG"
"Cameron Johnson","PF"
"Jalen Lecque","SG"
"Cody Demps","F"
"Kyle Guy","PG"
"Justin James","SF"
"Vanja Marinkovic","SG"
"Eric Mika","C"
"Isaiah Pineiro","SF"
"Josh Reaves","SG"
"Isaiah Roby","PF"
"Chris Chiozza","PG"
"Michael Frazier","SG"
"Shamorie Ponds","PG"
"Brandon Clarke","C"
"John Konchar","SG"
"Matt Mooney","SG"
"Ja Morant","PG"
"Nickeil Alexander-Walker","SG"
"Kavell Bigby-Williams","C"
"Zylan Cheatham","PF"
"Jaxson Hayes","C"
"Nicolo Melli","C"
"Zion Williamson","C"
"Keldon Johnson","SF"
"Jeff Ledbetter","G"
"Luka Samanic","PF"
"Quinndary Weatherspoon","SG"
